,Unnamed: 0,clause,lex,Act_phr,Act_vol,Act_aff,Und1_phr,Und1_vol,Und1_aff,Und2_phr,Und2_vol,Und2_aff,comment
0,0,439650,DBR[,688348,y,n,688349,y,y,,,,
1,1,439651,>MR[,688350,y,n,,,,,,,
2,2,439652,DBR[,688351,y,n,688352,y,y,,,,
3,3,439653,>MR[,688354,y,n,688355,n,n,,,,
4,4,439655,YWH[,688360,y,n,688358,n,n,,,,
5,5,439656,>MR[,688361,y,n,,,,,,,
6,6,439658,CXV[,688363,y,n,688365,n,y,,,,
7,7,439659,CXV[,688368,y,n,,,,,,,
8,8,439660,BW>[,688374,y,n,688374,n,y,688372,n,n,
9,9,439661,QRB[,688375,y,n,688376,n,y,688377,n,n,
10,10,439662,XCB[,,,,688378,n,n,688380,n,y,
11,11,439663,CPK[,688382,y,n,688381,n,y,,,,
12,12,439664,KRT[,,,,688385,n,y,,,,
13,13,439665,BW>[,688389,y,n,688390,n,y,,,,
14,14,439666,ZBX[,688392,y,n,688391,n,y,,,,
15,15,439667,BW>[,688396,y,n,688396,n,y,688397,y,y,It is difficult to know whether YHWH is recipient and therefore affected by the gift or he is merely the endpoint of the movement and therefore not affected.
16,16,439668,ZBX[,688401,y,n,688403,n,y,688402,n,n,
17,17,439669,ZRQ[,688406,y,n,688407,n,y,688408,n,n,
18,18,439670,QVR[,688410,y,n,688411,n,y,688412,n,n,
19,19,439671,ZBX[,688415,y,n,688417,n,y,688418,y,y,Is Undergoer2 are recipients and benefitting.
20,20,439672,ZNH[,688420,y,y,688422,y,y,,,,
21,21,439673,HJH[,688425,n,n,,,,,,,
22,22,439674,>MR[,688430,y,n,688429,n,n,,,,
23,23,439676,GWR[,688432,n,n,688434,n,n,,,,
24,24,439677,<LH[,688435,y,n,688437,n,y,,,,
25,25,439678,BW>[,688441,y,n,688441,n,y,688439,n,n,
26,26,439679,<FH[,688442,y,n,688443,n,y,688444,y,y,
27,27,439680,KRT[,,,,688447,n,y,,,,
28,28,439682,GWR[,688451,n,n,688453,n,n,,,,
29,29,439683,>KL[,688454,y,y,688456,n,y,,,,
30,30,439684,NTN[,688458,y,n,688459,n,y,688460,n,y,Undergoer2 is indirectly affected.
31,31,439685,>KL[,688461,y,y,688463,n,y,,,,
32,32,439686,KRT[,688465,y,n,688466,n,y,688467,n,n,
33,33,439689,NTN[,688473,y,n,688474,n,y,688476,n,n,
34,34,439690,KPR[,688477,n,y,688478,y,y,,,,If souls represent human beings then the Undergoer is volitional. The Actor (the blood) is probably affected because it has to be manipulated.
35,35,439692,KPR[,688481,n,y,688482,y,y,,,,
36,36,439693,>MR[,688485,y,n,688486,n,n,,,,
37,37,439694,>KL[,688487,y,y,688490,n,y,,,,Undergoer not specific enough to be affected
38,38,439695,>KL[,688492,y,y,688498,n,y,,,,
39,39,439696,GWR[,688493,n,n,688495,n,n,,,,
40,40,439698,GWR[,688501,n,n,688503,n,n,,,,
41,41,439699,YWD[,688504,y,n,688506,n,n,,,,Undergoer not affected because not specific
42,42,439700,>KL[,,,,688507,n,y,,,,
43,43,439701,CPK[,688510,y,n,688511,n,y,,,,
44,44,439702,KSH[,688513,y,n,688513,n,y,688514,n,y,Undergoer2 is Instrument
45,45,439706,>MR[,688521,y,n,688522,n,n,,,,
46,46,439707,>KL[,688525,y,y,688523,n,y,,,,Undergoer not specific
47,47,439710,KRT[,,,,688530,n,y,,,,
48,48,439711,>KL[,688531,y,y,688531,n,y,,,,
49,49,439713,>KL[,688535,y,y,688537,n,y,,,,Undergoer not specific
50,50,439714,KBS[,688539,y,n,688540,n,y,,,,
51,51,439715,RXY[,688542,y,y,688543,n,n,,,,
52,52,439716,VM>[,688545,n,y,,,,,,,Not volitional because it is a negative situation
53,53,439717,VHR[,688548,y,y,,,,,,,
54,54,439718,KBS[,688552,y,n,,,,,,,
55,55,439719,RXY[,688556,y,n,688554,n,y,,,,
56,56,439720,NF>[,688558,n,y,688559,n,n,,,,Undergoer1 is abstract so therefore not affected. The Actor is affected because he is in effect accountable for sin.
57,0,439721,DBR[,688561,y,n,688563,y,y,,,,
58,1,439722,>MR[,688564,y,n,,,,,,,
59,2,439723,DBR[,688565,y,n,688566,y,y,,,,
60,3,439724,>MR[,688568,y,n,688569,n,n,,,,
61,4,439726,<FH[,688577,y,n,,,,,,,
62,5,439727,JCB[,688574,y,y,688575,n,n,,,,
63,6,439728,<FH[,688586,y,n,,,,,,,
64,7,439729,BW>[,688581,y,n,688583,y,y,688584,n,n,
65,8,439730,HLK[,688590,y,n,688588,n,n,,,,
66,9,439731,<FH[,688592,y,n,688591,n,n,,,,Justice seems not to be affected - rather effected because justice does not become changed
67,10,439732,CMR[,688595,y,n,688594,n,n,,,,
68,11,439733,HLK[,688596,y,n,688597,n,n,,,,
69,12,439735,CMR[,688601,y,n,688602,n,n,,,,
70,13,439736,<FH[,688606,y,n,688605,n,n,,,,
71,14,439737,XJH[,688608,y,y,688609,n,n,,,,
72,15,439740,QRB[,688615,y,y,688613,n,n,,,,The actor is affected because he changes location
73,16,439741,GLH[,688616,y,n,688617,n,y,,,,
74,17,439743,GLH[,688622,y,n,688620,n,y,,,,
75,18,439745,GLH[,688626,y,n,688627,n,y,,,,
76,19,439746,GLH[,688630,y,n,688628,n,y,,,,
77,20,439749,GLH[,688635,y,n,688636,n,y,,,,
78,21,439751,GLH[,688639,y,n,688640,n,y,,,,
79,22,439755,GLH[,688648,y,n,688649,n,y,,,,
80,23,439756,GLH[,688652,y,n,688650,n,y,,,,
81,24,439758,GLH[,688657,y,n,688655,n,y,,,,
82,25,439760,GLH[,688663,y,n,688661,n,y,,,,
83,26,439761,QRB[,688666,y,y,,,,688664,n,n,Undergoer2 must be Undergoer1 for constency
84,27,439763,GLH[,688671,y,n,688669,n,y,,,,
85,28,439765,GLH[,688675,y,n,688676,n,y,,,,
86,29,439766,GLH[,688679,y,n,688677,n,y,,,,
87,30,439768,GLH[,688684,y,n,688682,n,y,,,,
88,31,439769,LQX[,688687,y,y,688685,n,y,,,,To take is probably a transfer where the subject instigates the activity but is also affected because he becomes into possesion. The Undergoer is naturally affected by being transfered.
89,32,439770,GLH[,688688,y,n,688689,n,y,,,,
90,33,439773,LQX[,688698,y,y,688695,n,y,688696,n,y, The exisiting may be affected by the new wife but she is not directly involved in the wedding.
91,34,439774,YRR=[,688699,y,y,,,,,,,
92,35,439775,GLH[,688700,y,n,688701,n,y,688702,n,y,Undergoer2 is probably negatively affected
93,36,439776,QRB[,688707,y,y,688705,n,n,,,,
94,37,439777,GLH[,688708,y,n,688709,n,y,,,,
95,38,439778,NTN[,688713,y,n,688711,?,y,688714,n,y,Is special kind of transfer.
96,39,439779,VM>[,688715,n,y,688716,n,n,,,,Is the woman decicted as an instrument actively polluting the man (therefore affected) or is she merely a source not engaged or affected herself?
97,40,439780,NTN[,688720,y,n,688718,n,y,,,,
98,41,439781,<BR[,688721,y,n,688722,y,y,,,,
99,42,439782,XLL[,688725,y,n,688726,n,y,,,,
100,43,439784,CKB[,688732,y,y,688730,?,y,,,,
101,44,439786,NTN[,688739,y,n,688737,n,y,688740,n,y,An odd kind of transfer.
102,45,439787,VM>[,688741,n,y,688742,n,n,,,,
103,46,439788,<MD[,688744,y,y,688747,n,n,,,,
104,47,439789,RB<=[,688748,y,y,688748,n,y,,,,Both participants seem to be affected
105,48,439791,VM>[,688752,y,y,688753,n,n,,,,Undergoer1 is abstract
106,49,439792,VM>[,,,,688757,n,y,688755,n,n,
107,50,439793,CLX[,688759,y,n,688758,n,y,688761,y,y,Undergoer2 is benefitting
108,51,439794,VM>[,688764,n,y,,,,,,,
109,52,439795,PQD[,688766,y,n,688767,n,y,688768,n,y,
110,53,439796,QJ>[,688771,?,n,688772,n,y,,,,
111,54,439797,CMR[,688775,y,n,688776,n,n,,,,
112,55,439798,<FH[,688779,y,n,688780,n,n,,,,
113,56,439799,GWR[,688782,n,n,688784,n,n,,,,
114,57,439800,<FH[,688788,y,n,688786,n,n,,,,
115,58,439802,VM>[,688793,n,y,,,,,,,
116,59,439803,QJ>[,688797,?,n,688798,n,y,,,,
117,60,439804,VM>[,688799,y,n,688800,n,y,,,,
118,61,439805,QJ>[,688802,?,n,688803,n,y,,,,
119,62,439808,<FH[,688808,y,n,688810,n,n,,,,
120,63,439809,KRT[,,,,688813,n,y,688816,n,n,
121,64,439810,<FH[,688814,y,n,,,,,,,
122,65,439811,CMR[,688818,y,n,688819,n,n,,,,
123,66,439812,<FH[,688820,y,n,688821,n,n,,,,
124,67,439813,<FH[,,,,688822,n,n,688824,n,n,
125,68,439814,VM>[,688827,y,y,688828,n,n,,,,
126,69,439816,DBR[,688833,y,n,688834,y,y,,,,
127,70,439817,>MR[,688835,y,n,,,,,,,
128,71,439818,DBR[,688836,y,n,688837,y,y,,,,
129,72,439819,>MR[,688839,y,n,688840,n,n,,,,
130,73,439820,HJH[,688842,y,y,,,,,,,
131,74,439823,JR>[,688848,y,y,,,,688847,n,n,Undergoer should be moved to Undergoer1.
132,75,439824,CMR[,688851,y,n,688850,n,n,,,,
133,76,439826,PNH[,688855,y,y,688856,n,n,,,,
134,77,439827,<FH[,688860,y,n,688858,n,n,688861,y,y,The object is not affected because it is only effected.
135,78,439829,ZBX[,688866,y,n,688867,n,y,688868,y,y,
136,79,439830,ZBX[,688870,y,n,688870,n,y,,,,
137,80,439831,>KL[,,,,688872,n,y,,,,
138,81,439833,FRP[,,,,688880,n,y,688879,n,y,The complement is probably Instrument
139,82,439834,JTR[,,,,688876,n,?,,,,
140,83,439835,>KL[,,,,688884,n,y,,,,
141,84,439837,RYH[,,,,688889,n,y,,,,
142,85,439838,NF>[,688893,n,y,688892,n,n,,,,The Undergoer is probably not affected but the Actor is.
143,86,439839,>KL[,688891,y,y,688891,n,y,,,,
144,87,439840,XLL[,688896,y,n,688895,n,y,,,,
145,88,439841,KRT[,,,,688899,n,y,,,,
146,89,439842,KLH[,688905,y,n,688906,n,y,,,,
147,90,439843,QYR=[,688902,y,y,688903,n,y,,,,
148,91,439844,QYR=[,688907,y,y,,,,,,,
149,92,439845,LQV[,688911,y,y,688909,n,y,,,,the Actor is probably also the receiver of the gathering - therefore affected.
150,93,439846,<LL[,688915,y,y,688913,n,y,,,,
151,94,439847,LQV[,688919,y,y,688917,n,y,,,,
152,95,439848,<ZB[,688921,y,n,688922,n,y,688920,y,y,Undergoer2 is benefactive
153,96,439850,GNB[,688926,y,n,,,,,,,The Actor may be affected if he gains from it. Normally the focus on the one being deprived
154,97,439851,KXC[,688929,y,n,,,,,,,
155,98,439852,CQR[,688932,y,n,,,,,,,
156,99,439854,CB<[,688937,y,n,688938,n,n,,,,
157,100,439855,XLL[,688941,y,n,688942,n,y,,,,
158,101,439857,<CQ[,688946,y,n,688947,n,y,,,,The event is negative so the Undergoer is not Volitional
159,102,439858,GZL[,688950,y,n,,,,,,,
160,103,439859,LJN[,688953,n,y,688954,y,y,,,,
161,104,439860,QLL[,688957,y,n,688958,n,y,,,,The Undergoer is not directly affected because he cannot hear the curse. But his reputation is nevertheless damaged and he is indirectly affected.
162,105,439861,NTN[,688962,y,n,688963,n,y,688960,n,y,The blind person is indirectly affected because his path is blocked.
163,106,439862,JR>[,688965,y,y,,,,688966,n,n,
164,107,439864,<FH[,688970,y,n,688971,n,n,,,,n
165,108,439865,NF>[,688974,y,n,688975,y,y,,,,
166,109,439866,HDR[,688978,y,n,688979,y,y,,,,Probably the verb desribes and outward activity rather than a feeling. Therefore Actor is not affected.
167,110,439867,CPV[,688981,y,n,688982,y,y,,,,Undergoer is probably +VOL because the event is inherently positive.
168,111,439868,HLK[,688984,y,n,688986,n,n,,,,
169,112,439869,<MD[,688988,y,y,688989,n,y,,,,
170,113,439871,FN>[,688993,y,y,688994,n,n,,,,
171,114,439872,JKX[,688997,y,n,688998,n,y,,,,Is Actor affected or is he merely doing something towards his fellow? The Undergoer is probably not volitional because the event seems confrontational and therefore not positive.
172,115,439873,NF>[,689001,n,y,689003,n,n,689002,n,n,
173,116,439874,NQM[,689005,y,n,,,,,,,Probably unaffected if it is an activity toward an unspecified object.
174,117,439875,NVR=[,689008,y,y,689009,n,n,,,,
175,118,439876,>HB[,689011,y,y,689012,n,n,,,,
176,119,439878,CMR[,689017,y,n,689016,n,n,,,,
177,120,439879,RB<=[,689020,y,n,689018,n,y,,,,
178,121,439880,ZR<[,689024,y,n,689022,n,y,,,,
179,122,439881,<LH[,689027,n,y,689030,y,y,,,,The Actor is probably Instrument whiel the Undergoer is positively affected
180,123,439883,CKB[,689034,y,y,689036,n,y,689035,?,y,It is difficult to know whether the woman is volitional.
181,124,439885,XRP=[,,,,689040,n,y,,,,The woman is probably not volitional.
182,125,439886,PDH[,,,,689045,n,y,,,,
183,126,439887,NTN[,,,,689047,n,n,6890500,y,y,
184,127,439888,HJH[,689052,n,n,,,,,,,
185,128,439889,MWT[,,,,689054,n,y,,,,
186,129,439890,XPC[,,,,689057,n,y,,,,
187,130,439891,BW>[,689059,y,n,689060,n,y,689061,n,n,
188,131,439892,KPR[,689065,y,n,689064,y,y,689066,n,y,Undergoer1 is probably affected although only indirectly because his status has changed.
189,132,439893,XV>[,689069,y,n,,,,,,,
190,133,439894,SLX[,,,,689073,y,y,689074,n,n,
191,134,439895,XV>[,689075,y,n,,,,,,,
192,135,439896,BW>[,689079,y,y,689080,n,n,,,,
193,136,439897,NV<[,689082,y,n,689083,n,y,,,,
194,137,439898,<RL[,689085,y,n,689086,n,n,689087,n,n,
195,138,439899,HJH[,689089,n,y,689090,n,n,,,,Undergoer1 is probably not involved
196,139,439900,>KL[,,,,689093,n,y,,,,
197,140,439901,HJH[,689097,n,y,,,,,,,
198,141,439903,>KL[,689103,y,y,689104,n,y,,,,
199,142,439904,JSP[,689105,y,n,689107,n,y,689106,y,y,Undergoer2 is benefitting.
200,143,439906,>KL[,689111,y,y,689112,n,y,,,,The oblique object may indicate less affectedness.
201,144,439907,NXC[,689114,y,n,,,,,,,
202,145,439908,<NN[,689117,y,n,,,,,,,
203,146,439909,NQP[,689119,y,n,689120,n,y,,,,
204,147,439910,CXT[,689123,y,n,689124,n,y,,,,
205,148,439911,NTN[,689128,y,n,689126,n,y,689129,n,y,Undergoer2 is affected becasue the body is changed.
206,149,439912,NTN[,689133,y,n,689131,n,y,689134,n,y,
207,150,439914,XLL[,689138,y,n,689139,n,y,,,,
208,151,439915,ZNH[,689140,y,y,689140,n,y,,,,
209,152,439916,ZNH[,689144,?,y,,,,,,,Is the nonanimate Actor actually volitional?
210,153,439917,ML>[,689147,n,y,689148,n,n,,,,The Undergoer is probably not affected because it is abstract.
211,154,439918,CMR[,689150,y,n,689149,n,n,,,,
212,155,439919,JR>[,689153,y,y,689152,n,n,,,,
213,156,439921,PNH[,689157,y,y,689158,n,n,,,,
214,157,439922,BQC[,689162,y,y,689160,n,n,,,,
215,158,439923,VM>[,689163,n,y,689164,n,n,,,,Undergoer1 is probably instrument - or perhaps the source?
216,159,439925,QWM[,689168,y,y,689167,y,y,,,,The Undergoer is probably benefitting from the event
217,160,439926,HDR[,689170,y,n,689171,y,y,,,,Undergoer is probably indirectly affected.
218,161,439927,JR>[,689173,y,y,689174,n,n,,,,
219,162,439929,GWR[,689181,y,y,689180,n,n,,,,Actor is probably  affected if it is understood as coming to live with. Undergoer is not benefitting so not affected.
220,163,439930,JNH[,689184,y,n,689185,n,y,,,,
221,164,439931,HJH[,689189,y,y,689188,?,?,,,,Probably the sentence could be translated - and annotated - you shall consider/treat the foreigner as a native thereby making the complement phrase the Actor.
222,165,439932,GWR[,689190,n,n,689192,n,n,,,,
223,166,439933,>HB[,689194,y,y,689195,n,n,,,,
224,167,439934,HJH[,689199,y,y,689200,n,n,,,,
225,168,439936,<FH[,689204,y,n,689205,n,n,689206,n,y,Undergoer2 seems to be Instrument
226,169,439937,HJH[,689207,n,n,,,,,,,
227,170,439939,JY>[,689212,y,n,689214,y,y,689215,n,n,
228,171,439940,CMR[,689217,y,n,689218,n,n,,,,
229,172,439941,<FH[,689220,y,n,689221,n,n,,,,
230,173,439943,DBR[,689225,y,n,689227,y,y,,,,
231,174,439944,>MR[,689228,y,n,,,,,,,
232,175,439945,>MR[,689231,y,n,689230,n,n,,,,
233,176,439946,MWT[,,,,689232,n,y,,,,
234,177,439947,GWR[,689233,n,n,,,,689235,n,n,
235,178,439948,NTN[,689236,y,n,689238,n,y,689239,y,y,
236,179,439949,RGM[,689242,y,n,689243,n,y,689244,n,y,Undergoer2 is Instrumental
237,180,439950,NTN[,689246,y,n,689248,n,y,689249,n,y,Undergoer2 is indirectly affected
238,181,439951,KRT[,689251,y,n,689252,n,y,689253,n,n,
239,182,439952,NTN[,689256,y,n,689255,n,y,689257,y,y,
240,183,439953,VM>[,689258,y,n,689259,n,y,,,,Whether Actor is Volitional is dubious. The use of Piel seems to suggest volitional
241,184,439954,XLL[,689261,y,n,689262,n,y,,,,
242,185,439955,<LM[,689267,y,n,689268,n,y,689269,n,n,
243,186,439956,NTN[,689270,y,n,689271,n,y,689272,y,y,
244,187,439957,MWT[,689273,y,n,689274,n,y,,,,
245,188,439958,FJM[,689277,y,n,689278,n,y,689279,n,y,
246,189,439959,KRT[,689281,y,n,689282,n,y,689288,n,n,
247,190,439960,ZNH[,689283,y,y,689285,y,y,,,,Is Molok human or should it be represented like a thing or concept?
248,191,439961,ZNH[,689286,y,y,689287,y,y,,,,
249,192,439963,PNH[,689291,y,y,689293,n,n,,,,
250,193,439964,ZNH[,689294,y,y,689295,y,y,,,,Here the objects of the fornications seems to be humans - therefore Volitional
251,194,439965,NTN[,689297,y,n,689298,n,y,689299,n,y,
252,195,439966,KRT[,689301,y,n,689302,n,y,689303,n,n,
253,196,439967,QDC[,689305,y,y,,,,,,,
254,197,439968,HJH[,689307,y,y,,,,,,,
255,198,439970,CMR[,689313,y,n,689314,n,n,,,,
256,199,439971,<FH[,689316,y,n,689317,n,n,,,,
257,200,439973,QDC[,689320,y,n,689320,y,y,,,,
258,201,439974,MWT[,,,,689322,n,y,,,,
259,202,439975,QLL[,689323,y,n,689325,n,y,,,,Undergoer1 is probably indirectly affected because their social status is changed.
260,203,439976,QLL[,689329,y,n,689328,n,y,,,,
261,204,439979,N>P[,689334,y,y,689336,y,y,,,,
262,205,439980,N>P[,689337,y,y,689339,y,y,,,,
263,206,439981,MWT[,,,,689342,n,y,,,,
264,207,439982,GLH[,689344,y,n,689348,n,y,,,,
265,208,439983,CKB[,689345,y,y,689347,?,y,,,,
266,209,439984,MWT[,,,,689352,n,y,,,,
267,210,439987,CKB[,689357,y,y,689359,?,y,,,,
268,211,439988,MWT[,,,,689362,n,y,,,,
269,212,439989,<FH[,689364,y,n,689363,n,n,,,,
270,213,439992,CKB[,689369,y,y,689371,?,y,689372,n,n,
271,214,439993,<FH[,689375,y,n,689373,n,n,,,,
272,215,439994,MWT[,,,,689377,n,y,,,,
273,216,439997,LQX[,689382,y,y,689384,n,y,,,,The Actor is affected because he is also gaining from the activity.
274,217,439999,FRP[,689388,y,n,689389,n,y,689387,n,y,With fire is Instrument
275,218,440000,HJH[,689393,n,y,,,,,,,
276,219,440001,MWT[,,,,689396,n,y,,,,
277,220,440002,NTN[,689397,y,n,689399,n,y,689400,n,y,
278,221,440003,HRG[,689405,y,n,689404,n,y,,,,
279,222,440005,QRB[,689408,y,y,689410,n,n,,,,
280,223,440006,RB<=[,689411,y,y,689412,n,y,,,,
281,224,440007,HRG[,689414,y,n,689415,n,y,,,,
282,225,440008,MWT[,,,,689417,n,y,,,,
283,226,440011,LQX[,689422,y,y,689424,n,y,,,,Actor is recipient
284,227,440012,R>H[,689426,y,y,689427,n,n,,,,The nakedness is not affected because it does not change status.
285,228,440013,R>H[,689429,y,y,689431,n,n,,,,
286,229,440015,KRT[,,,,689435,n,y,,,,
287,230,440016,GLH[,689438,y,n,689437,n,y,,,,
288,231,440017,NF>[,689440,n,y,689439,n,n,,,,
289,232,440019,CKB[,689443,y,y,689445,?,y,,,,
290,233,440020,GLH[,689447,y,n,689448,n,y,,,,
291,234,440021,<RH[,689450,y,n,689449,n,y,,,,
292,235,440022,GLH[,689452,y,n,689454,n,y,,,,
293,236,440023,KRT[,,,,689457,n,y,,,,
294,237,440024,GLH[,689462,y,n,689460,n,y,,,,
295,238,440025,<RH[,689465,y,n,689464,n,y,,,,
296,239,440026,NF>[,689467,n,y,689466,n,n,,,,
297,240,440028,CKB[,689470,y,y,689472,?,y,,,,
298,241,440029,GLH[,689474,y,n,689473,n,y,,,,
299,242,440030,NF>[,689476,n,y,689475,n,n,,,,
300,243,440031,MWT[,689478,n,y,,,,,,,
301,244,440033,LQX[,689481,y,y,689483,n,y,,,,
302,245,440035,GLH[,689487,y,n,689486,n,y,,,,
303,246,440036,HJH[,689489,n,y,,,,,,,
304,247,440037,CMR[,689491,y,n,689492,n,n,,,,
305,248,440038,<FH[,689494,y,n,689495,n,n,,,,
306,249,440039,QJ>[,689500,?,n,689499,n,y,,,,Is the land volitional?
307,250,440040,BW>[,689502,y,n,689504,y,y,689505,n,n,
308,251,440041,JCB[,689506,y,y,689507,n,n,,,,
309,252,440042,HLK[,689510,y,n,689511,n,n,,,,The Actor is probably not affected
310,253,440043,CLX[,689513,y,n,689512,n,y,689515,y,y,
311,254,440044,<FH[,689518,y,n,689517,n,n,,,,
312,255,440045,QWY[,689520,y,y,689521,n,n,,,,
313,256,440046,>MR[,689523,y,n,689524,n,n,,,,
314,257,440047,JRC[,689525,y,y,689527,n,y,,,,
315,258,440048,NTN[,689529,y,n,689530,n,y,689531,y,y,
316,259,440049,JRC[,689532,y,y,689533,n,y,,,,Is the event about possession or about doing something to the land? Probably about taking into possession
317,260,440051,BDL[,689536,y,n,689538,y,y,689539,n,n,
318,261,440052,BDL[,689541,y,y,689542,n,n,689543,n,n,The event is probably a cognitive distinction rather than a physical separation. Unclean animals are not affeccted as such.
319,262,440054,CQY[,689549,y,n,689550,n,y,689551,n,y,Undergoer2 is probably Instrumental
320,263,440055,RMF[,689552,n,n,689554,n,n,,,,Actor is probably not changing state - so not affected.
321,264,440056,BDL[,689556,y,n,689555,n,y,689557,y,y,Undergoer2 is probably positively affected by the separation of clean and unclean animals
322,265,440057,VM>[,689558,y,y,,,,,,,
323,266,440058,HJH[,689560,y,y,689561,n,n,,,,Undergoer2 is not involved in the event
324,267,440060,BDL[,689567,y,n,689568,y,y,689569,n,n,
325,268,440061,HJH[,689570,y,y,,,,,,,
326,269,440063,HJH[,689577,y,?,,,,,,,
327,270,440064,MWT[,,,,689579,n,y,,,,
328,271,440065,RGM[,689581,y,n,689582,n,y,689580,n,y,Undergoer2 is probably Instrumental
329,0,440067,>MR[,689587,y,n,689588,n,n,,,,
330,1,440068,>MR[,689589,y,n,689590,n,n,,,,
331,2,440069,>MR[,689592,y,n,689593,n,n,,,,
332,3,440070,VM>[,689596,y,y,689594,n,n,,,,
333,4,440075,HJH[,689608,?,y,,,,,,,PreC probably needs annotation
334,5,440076,VM>[,689613,y,y,689612,n,n,,,,Undergoer1 is perhaps Instrument
335,6,440077,VM>[,689615,y,y,,,,,,,
336,7,440078,XLL[,,,,689618,n,y,,,,
337,8,440079,QRX[,689620,y,n,689621,n,y,689622,n,n,
338,9,440080,GLX[,689626,y,n,689624,n,y,,,,
339,10,440081,FRV[,689630,y,n,689631,n,y,689628,n,y,The body is probably affected
340,11,440082,HJH[,689633,y,y,689634,n,n,,,,
341,12,440083,XLL[,689637,y,n,689638,n,y,,,,
342,13,440084,QRB[,689641,y,n,689640,n,y,,,,
343,14,440085,HJH[,689644,y,y,,,,,,,
344,15,440086,LQX[,689648,y,y,689646,n,y,,,,
345,16,440087,LQX[,689654,y,y,689650,n,y,,,,
346,17,440088,GRC[,689651,n,y,689652,y,y,,,,Undergoer is also instigating.
347,18,440090,QDC[,689660,y,y,689660,n,n,,,,The Undergoer1 is probably unaffected because he is not involved in the event. It is merely a cognitive event.
348,19,440091,QRB[,689663,y,n,689662,n,y,,,,
349,20,440092,HJH[,689666,?,?,689667,?,?,,,,The clause is difficult. Is still just a cognitive event like the previous clause?
350,21,440094,QDC[,689671,y,n,689671,y,y,,,,
351,22,440096,XLL[,689675,y,n,,,,,,,Is their an unspecified Undergoer?
352,23,440097,ZNH[,689676,y,y,,,,,,,
353,24,440098,XLL[,689678,y,n,689677,n,y,,,,
354,25,440099,FRP[,,,,689681,n,y,689680,n,y,Undergoer2 is Instrument
355,26,440102,JYQ[,,,,689690,n,y,689689,n,n,The Complement phrase is propably not affected because it does not change state
356,27,440103,ML>[,689692,y,n,689693,n,y,,,,
357,28,440104,LBC[,689694,y,y,689695,n,y,,,,Actor is affected because he is wearing clothes
358,29,440105,PR<[,689698,y,n,689696,n,y,,,,
359,30,440106,PRM[,689702,y,n,689700,n,y,,,,
360,31,440107,BW>[,689706,y,y,689704,n,n,,,,
361,32,440108,VM>[,689709,y,y,689707,n,n,,,,The Undergoer is perhaps an Instrument
362,33,440109,JY>[,689713,y,y,689711,n,n,,,,
363,34,440110,XLL[,689716,y,n,689717,n,y,,,,
364,35,440113,LQX[,689724,y,y,689725,n,y,,,,
365,36,440115,LQX[,689730,y,y,689728,n,y,,,,
366,37,440116,LQX[,689733,y,y,689732,n,y,689734,n,n,
367,38,440117,XLL[,689737,y,n,689738,n,y,689739,n,n,
368,39,440119,QDC[,689743,y,n,689743,y,y,,,,
369,40,440120,DBR[,689746,y,n,689747,y,y,,,,
370,41,440121,>MR[,689748,y,n,,,,,,,
371,42,440122,DBR[,689749,y,n,689750,y,y,,,,
372,43,440123,>MR[,689751,y,n,,,,,,,
373,44,440124,QRB[,689752,y,y,,,,,,,
374,45,440125,HJH[,689756,n,y,,,,,,,Needs revision.
375,46,440126,QRB[,689759,y,n,689760,n,y,,,,
376,47,440127,QRB[,689762,y,y,,,,,,,
377,48,440130,HJH[,689773,n,y,,,,,,,Needs revision. Who is affected?
378,49,440132,NGC[,689776,y,y,,,,,,,
379,50,440134,QRB[,689782,y,n,689783,n,y,,,,
380,51,440136,NGC[,689788,y,y,689786,n,n,,,,
381,52,440137,QRB[,689789,y,n,,,,,,,
382,53,440138,>KL[,689791,y,y,689790,n,y,,,,
383,54,440139,BW>[,689794,y,y,689792,n,n,,,,
384,55,440140,NGC[,689798,y,y,689796,n,n,,,,
385,56,440142,XLL[,689804,y,n,689805,n,y,,,,
386,57,440144,QDC[,689809,y,n,689809,n,y,,,,
387,58,440145,DBR[,689812,y,n,689813,y,y,,,,
388,59,440146,DBR[,689816,y,n,689817,y,y,,,,
389,60,440147,>MR[,689818,y,n,,,,,,,
390,61,440148,DBR[,689819,y,n,689820,y,y,,,,
391,62,440149,NZR[,689822,y,y,689823,n,n,,,,
392,63,440150,XLL[,689826,y,n,689827,n,y,,,,
393,64,440151,QDC[,689829,y,n,689828,n,y,689831,y,y,Undergoer2 is probably recipient
394,65,440153,>MR[,689834,y,n,689835,n,n,,,,
395,66,440156,QRB[,689838,y,y,689841,n,n,,,,
396,67,440157,QDC[,689844,y,n,689842,n,y,689845,y,y,
397,68,440159,KRT[,,,,689851,n,y,,,,
398,69,440161,>KL[,689855,y,y,689861,n,y,,,,
399,70,440162,YR<[,689857,n,y,,,,,,,
400,71,440163,ZWB[,689860,n,y,,,,,,,
401,72,440164,VHR[,689865,y,y,,,,,,,
402,73,440166,NG<[,689867,y,y,689869,n,n,,,,
403,74,440168,JY>[,689875,n,y,689874,n,y,,,,Undergoer is affected because he is deprived of sperm and becomes unclean
404,75,440170,NG<[,689878,y,y,689880,n,n,,,,
405,76,440171,VM>[,689882,n,y,689883,n,n,,,,The Undergoer is probably an Instrument
406,77,440172,VM>[,689885,n,y,689886,n,n,,,,
407,78,440174,NG<[,689889,y,y,689891,n,n,,,,The Undergoer is not affected because it does not change statues
408,79,440175,VM>[,689893,n,y,,,,,,,
409,80,440176,>KL[,689897,y,y,689898,n,y,,,,
410,81,440177,RXY[,689900,y,n,689901,n,y,689902,n,n,
411,82,440178,BW>[,689905,n,?,,,,,,,Ontologically speaking the sun is not affected. However within the horizon of the text the sun seems to be affected.
412,83,440179,VHR[,689907,y,y,,,,,,,
413,84,440180,>KL[,689910,y,y,689911,n,y,,,,
414,85,440182,>KL[,689917,y,y,689915,n,y,,,,Undergoer not specific
415,86,440183,VM>[,689918,n,y,689919,n,n,,,,
416,87,440185,CMR[,689923,y,n,689924,n,n,,,,
417,88,440186,NF>[,689927,n,y,689928,n,n,689929,n,n,Undergoer2 is probably not affected because it is abstract
418,89,440187,MWT[,689931,n,y,689932,n,n,,,,Undergoer is abstract so not affected
419,90,440188,XLL[,689934,y,n,689934,n,y,,,,
420,91,440190,QDC[,689937,y,n,689937,y,y,,,,
421,92,440191,>KL[,689939,y,y,689942,n,y,,,,
422,93,440192,>KL[,689943,y,y,689946,n,y,,,,
423,94,440194,QNH[,689950,y,y,689951,n,y,,,,The Actor is also the recipient of the transfer
424,95,440195,>KL[,689953,y,y,689955,n,y,,,,
425,96,440197,>KL[,689958,y,y,689960,n,y,,,,
426,97,440199,HJH[,689964,?,y,,,,,,,
427,98,440200,>KL[,689966,y,y,689967,n,y,,,,
428,99,440201,>KL[,689971,y,y,689983,n,y,,,,
429,100,440202,HJH[,689973,n,y,,,,,,,
430,101,440204,CWB[,689980,y,y,689981,n,n,,,,
431,102,440205,>KL[,689986,y,y,689989,n,y,,,,
432,103,440207,>KL[,689993,y,y,689994,n,y,,,,
433,104,440208,JSP[,689997,y,n,689998,n,y,689999,n,y,Undergoer2 is affected because something is added to it.
434,105,440209,NTN[,690001,y,n,690002,y,y,690003,n,y,
435,106,440210,XLL[,690006,y,n,690007,n,y,,,,
436,107,440211,RWM[,690009,y,n,690008,n,y,690010,y,y,
437,108,440212,NF>[,690012,y,n,690013,n,y,690014,n,n,
438,109,440213,>KL[,690015,y,y,690016,n,y,,,,
439,110,440215,QDC[,690020,y,n,690020,y,y,,,,What does the suffix refer to? Probably the priests.
440,111,440216,DBR[,690023,y,n,690024,y,y,,,,
441,112,440217,>MR[,690025,y,n,,,,,,,
442,113,440218,DBR[,690026,y,n,690027,y,y,,,,
443,114,440219,>MR[,690029,y,n,,,,690030,n,n,
444,115,440221,QRB[,690032,y,n,690034,n,y,,,,
445,116,440222,QRB[,690037,y,n,690036,n,y,690038,y,y,
446,117,440224,QRB[,690047,y,n,690042,n,y,,,,
447,118,440226,HJH[,690051,n,?,690052,?,y,,,,
448,119,440228,QRB[,690056,y,n,690057,n,y,690058,y,y,
449,120,440229,PL>[,690059,y,n,690060,n,y,,,,
450,121,440231,HJH[,690064,n,y,,,,,,,
451,122,440232,HJH[,690066,n,n,,,,,,,Probably PreC nees to be annotated as Undergoer. The subject is not affected because any blemish is not referring to physical object.
452,123,440234,QRB[,690072,y,n,690073,n,y,690074,y,y,
453,124,440235,NTN[,690078,y,n,690076,n,y,690080,y,y,
454,125,440237,<FH[,690084,y,n,690085,n,y,,,,
455,126,440238,RYH[,,,,690089,n,y,,,,
456,127,440239,QRB[,690093,y,n,690091,n,y,690094,y,y,
457,128,440240,<FH[,690098,y,n,,,,,,,
458,129,440241,QRB[,690102,y,n,690103,n,y,,,,
459,130,440244,RYH[,,,,690111,n,y,690112,y,y,
460,131,440245,DBR[,690115,y,n,690116,y,y,,,,
461,132,440246,>MR[,690117,y,n,,,,,,,
462,133,440248,JLD[,,,,690120,n,n,,,,Undergoer not affected but effected
463,134,440249,HJH[,690122,n,y,,,,,,,
464,135,440250,RYH[,,,,690127,n,y,,,,
465,136,440252,CXV[,690134,y,n,690132,n,y,,,,
466,137,440253,ZBX[,690138,y,n,690139,n,y,690140,y,y,
467,138,440254,ZBX[,690142,y,n,,,,,,,
468,139,440255,>KL[,,,,690144,n,y,,,,
469,140,440256,JTR[,690146,y,n,690147,n,y,,,,
470,141,440258,CMR[,690152,y,n,690153,n,n,,,,
471,142,440259,<FH[,690155,y,n,690156,n,y,,,,
472,143,440261,XLL[,690161,y,n,690162,n,y,,,,
473,144,440262,QDC[,,,,690164,y,y,,,,
474,145,440264,QDC[,690168,y,n,690168,y,y,,,,
475,146,440265,JY>[,690169,y,n,690171,y,y,690172,n,n,
476,147,440266,HJH[,690173,y,y,,,,,,,How to annotate a genitival relationship like this?
477,148,440268,DBR[,690180,y,n,690181,y,y,,,,
478,149,440269,>MR[,690182,y,n,,,,,,,
479,150,440270,DBR[,690183,y,n,690184,y,y,,,,
480,151,440271,>MR[,690186,y,n,690187,n,n,,,,
481,152,440273,QR>[,690190,y,n,690191,n,n,,,,Undergoer is probably not affected because it is only an announcement
482,153,440276,<FH[,,,,690198,n,n,,,,Undergoer is probably not affected since it is abstract
483,154,440278,<FH[,690204,y,n,690202,n,n,,,,Undergoer probably not affected
484,155,440281,QR>[,690212,y,n,690213,n,n,,,,
485,156,440284,>KL[,690222,y,y,690221,n,y,,,,
486,157,440285,HJH[,690224,n,?,,,,,,,
487,158,440286,<FH[,690229,y,n,690227,n,n,,,,
488,159,440287,QRB[,690231,y,n,690232,n,y,690233,y,y,
489,160,440289,<FH[,690239,y,n,690237,n,n,,,,
490,161,440290,DBR[,690242,y,n,690243,y,y,,,,
491,162,440291,>MR[,690244,y,n,,,,,,,
492,163,440292,DBR[,690245,y,n,690246,y,y,,,,
493,164,440293,>MR[,690248,y,n,690249,n,n,,,,
494,165,440294,BW>[,690251,y,y,690252,n,n,,,,
495,166,440295,NTN[,690254,y,n,690253,n,y,690256,y,y,
496,167,440296,QYR=[,690258,y,y,690259,n,y,,,,
497,168,440297,BW>[,690261,y,n,690262,n,y,690263,n,n,Are the priests the recipient or just the endgoal?
498,169,440298,NWP[,690265,y,n,690266,n,y,690267,n,n,
499,170,440299,NWP[,690271,y,n,690270,n,y,,,,
500,171,440300,<FH[,690273,y,n,690277,n,y,,,,
501,172,440301,NWP[,690275,y,n,690276,n,y,,,,
502,173,440303,BLL[,690282,n,y,690283,n,y,,,,Perhaps the Undergoer1 is Instrument
503,174,440306,>KL[,690292,y,y,690290,n,y,,,,Undergoer not specific
504,175,440307,BW>[,690294,y,n,690295,n,y,,,,
505,176,440309,SPR[,690300,y,n,,,,,,,Probably the Actor is not  affected by the counting
506,177,440310,BW>[,690303,y,n,690304,n,y,,,,
507,178,440311,HJH[,690305,n,?,,,,,,,
508,179,440312,SPR[,690308,y,n,690309,n,n,,,,
509,180,440313,QRB[,690311,y,n,690312,n,y,690313,y,y,
510,181,440314,BW>[,690315,y,n,690316,n,y,690314,n,n,
511,182,440315,HJH[,690318,n,?,,,,,,,
512,183,440316,>PH[,,,,690320,n,y,,,,
513,184,440318,QRB[,690324,y,n,690326,n,y,,,,
514,185,440319,HJH[,690327,n,?,690329,y,y,,,,
515,186,440321,<FH[,690335,y,n,690336,n,y,,,,
516,187,440323,NWP[,690343,y,n,690344,n,y,690347,n,n,
517,188,440324,HJH[,690350,n,?,,,,,,,
518,189,440325,QR>[,690354,y,n,,,,,,,
519,190,440326,HJH[,690356,n,n,,,,,,,
520,191,440327,<FH[,690361,y,n,690359,n,n,,,,
521,192,440329,KLH[,690369,y,n,690370,n,y,,,,
522,193,440330,QYR=[,690366,y,y,690367,n,y,,,,
523,194,440331,QYR=[,690371,y,y,,,,,,,
524,195,440332,LQV[,690375,y,y,690373,n,y,,,,
525,196,440333,<ZB[,690377,y,n,690378,n,y,690376,y,y,Undergoer2 is probably involved as recipient or benefactor
526,197,440335,DBR[,690383,y,n,690384,y,y,,,,
527,198,440336,>MR[,690385,y,n,,,,,,,
528,199,440337,DBR[,690386,y,n,690387,y,y,,,,
529,200,440338,>MR[,690388,y,n,,,,,,,
530,201,440339,HJH[,690392,n,?,690391,y,y,,,,
531,202,440340,<FH[,690395,y,n,690393,n,n,,,,
532,203,440341,QRB[,690397,y,n,690398,n,y,690399,y,y,
533,204,440342,DBR[,690402,y,n,690403,y,y,,,,
534,205,440343,>MR[,690404,y,n,,,,,,,
535,206,440345,HJH[,690408,n,n,,,,,,,
536,207,440346,<NH=[,690412,y,n,690413,n,y,,,,
537,208,440347,QRB[,690415,y,n,690416,n,y,690417,y,y,
538,209,440348,<FH[,690421,y,n,690419,n,n,,,,
539,210,440350,KPR[,690426,n,n,690427,y,y,690428,n,n,A day is probably to unspecific to be used as an instrument
540,211,440352,<NH=[,690431,y,y,,,,,,,Reflexive meaning
541,212,440353,KRT[,,,,690436,n,y,,,,
542,213,440355,<FH[,690440,y,n,690442,n,n,,,,
543,214,440356,>BD[,690445,y,n,690446,n,y,690447,n,n,
544,215,440357,<FH[,690450,y,n,690448,n,n,,,,
545,216,440360,<NH=[,690457,y,n,690458,n,y,,,,
546,217,440361,CBT[,690460,y,y,690461,n,n,,,,Probably the Actor is affected because he is in fact resting.
547,218,440362,DBR[,690464,y,n,690465,y,y,,,,
548,219,440363,>MR[,690466,y,n,,,,,,,
549,220,440364,DBR[,690467,y,n,690468,y,y,,,,
550,221,440365,>MR[,690469,y,n,,,,,,,
551,222,440368,<FH[,690477,y,n,690475,n,n,,,,
552,223,440369,QRB[,690479,y,n,690480,n,y,690481,y,y,
553,224,440370,HJH[,690483,n,n,,,,,,,
554,225,440371,QRB[,690487,y,n,690488,n,y,690489,y,y,
555,226,440373,<FH[,690494,y,n,690492,n,n,,,,
556,227,440375,QR>[,690498,y,n,690499,n,n,,,,Although the Undergoer is abstract it seem to undergo some change of status.
557,228,440376,QRB[,690501,y,n,690502,n,y,690503,y,y,
558,229,440378,NTN[,690507,y,n,690506,n,y,690508,y,y,
559,230,440379,XGG[,690512,y,y,690513,n,n,,,,The Actor seems to be affected because he is supposed to do something for a period of time
560,231,440380,>SP[,690510,y,y,690511,n,y,,,,
561,232,440383,LQX[,690521,y,n,690522,y,y,690524,n,y,Here the recipient of take is explicit in a phrase.
562,233,440384,FMX[,690526,y,y,690527,n,n,,,,Undergoer1 is not volitional because it expresses the location and not a benefactive
563,234,440385,XGG[,690530,y,y,690531,n,n,,,,
564,235,440387,XGG[,690537,y,y,690538,n,n,,,,
565,236,440388,JCB[,690540,y,y,690539,n,n,,,,
566,237,440389,JCB[,690542,y,y,690544,n,n,,,,
567,238,440390,JD<[,690547,y,y,,,,,,,
568,239,440391,JCB[,690550,y,n,690551,y,y,690549,n,n,
569,240,440392,JY>[,690552,y,n,690553,y,y,690554,n,n,
570,241,440394,DBR[,690559,y,n,690560,n,n,690561,y,y,
571,0,440395,DBR[,690564,y,n,690565,y,y,,,,
572,1,440396,>MR[,690566,y,n,,,,,,,
573,2,440397,YWH[,690567,y,n,690568,y,y,,,,Undergoer is probably affected because it hears the command and is cognitively affected
574,3,440398,LQX[,690570,y,n,690571,y,y,690572,n,y,The recipient is explicit here
575,4,440399,<LH[,690573,y,n,690574,n,y,,,,
576,5,440400,<RK[,690579,y,n,690578,n,y,690581,n,n,
577,6,440402,<RK[,690586,y,n,690585,n,n,690587,n,y,
578,7,440403,LQX[,690591,y,y,690592,n,y,,,,The Actor is also the recipient
579,8,440404,>PH[,690594,y,n,690595,n,y,,,,Although bake is normally a kind of creation here it is a transformation of flour into bread. Therefore affected.
580,9,440405,HJH[,690599,n,y,,,,,,,
581,10,440406,FJM[,690601,y,n,690602,n,y,690606,n,n,
582,11,440408,NTN[,690609,y,n,690611,n,y,690610,n,n,
583,12,440409,HJH[,690613,n,y,,,,,,,
584,13,440411,<RK[,690618,y,n,690618,n,y,690619,n,n,
585,14,440413,HJH[,690624,y,y,,,,,,,Not volitional
586,15,440414,>KL[,690627,y,y,690627,n,y,,,,
587,16,440417,JY>[,690637,y,y,690641,n,n,,,,
588,17,440419,NYH[,690645,y,y,,,,,,,Actor is probably affected because it is a reciprocal meaning.
589,18,440420,NQB[,690648,y,n,690649,n,?,,,,The Undergoer is probably not affected
590,19,440421,QLL[,690651,y,n,,,,,,,
591,20,440422,BW>[,690653,y,n,690654,n,y,690655,n,n,
592,21,440424,NWX[,690660,y,n,690660,n,y,690661,n,n,
593,22,440425,PRC[,690662,y,n,690663,y,y,,,,Undergoer is positively affected
594,23,440426,DBR[,690667,y,n,690668,y,y,,,,
595,24,440427,>MR[,690669,y,n,,,,,,,
596,25,440428,JY>[,690670,y,n,690671,n,y,690672,n,n,
597,26,440429,SMK[,690675,y,n,690676,n,y,690677,n,n,
598,27,440430,RGM[,690681,y,n,690680,n,y,,,,
599,28,440431,DBR[,690684,y,n,690683,y,y,,,,
600,29,440432,>MR[,690685,y,n,,,,,,,
601,30,440434,QLL[,690688,y,n,690689,n,y,,,,The reputation or status of the Undergoer is affected
602,31,440435,NF>[,690691,n,y,690692,n,n,,,,The Actor is probably not volitional because he is not benefitting from the event and it is hardly intentional.
603,32,440436,MWT[,,,,690697,n,y,,,,
604,33,440437,NQB[,690694,y,n,690695,n,?,,,,
605,34,440438,RGM[,690701,y,n,690700,n,y,,,,
606,35,440440,NQB[,690704,y,n,690705,n,?,,,,
607,36,440441,MWT[,,,,690706,n,y,,,,
608,37,440443,NKH[,690710,y,n,690711,n,y,,,,Although NKH often means hit without any change of state here it probably means strik to death
609,38,440444,MWT[,,,,690713,n,y,,,,
610,39,440445,CLM[,690717,y,n,690717,n,y,,,,The Undergoer is probably affected although one could say that the Undergoer is actually replaced and therefore more effected than affected.
611,40,440446,NKH[,690715,y,n,690716,n,y,,,,
612,41,440448,NTN[,690722,y,n,690723,n,n,690724,n,y,Undergoer1 is not affected because it is generic and abstract
613,42,440449,<FH[,690726,y,n,,,,,,,
614,43,440450,<FH[,,,,690729,n,y,,,,
615,44,440454,NTN[,690737,y,n,690738,n,n,690739,n,y,
616,45,440455,NTN[,,,,690742,n,y,,,,
617,46,440456,CLM[,690746,y,n,690746,n,y,,,,
618,47,440457,NKH[,690744,y,n,690745,n,y,,,,
619,48,440458,MWT[,,,,690750,n,y,,,,
620,49,440459,NKH[,690748,y,n,690749,n,y,,,,
621,50,440460,HJH[,690751,n,n,,,,,,,
622,51,440461,HJH[,,,,,,,,,,
623,52,440463,DBR[,690762,y,n,690763,y,y,,,,
624,53,440464,JY>[,690765,y,n,690766,n,y,690767,n,n,
625,54,440465,RGM[,690769,y,n,690770,n,y,690771,n,y,Undergoer2 is Instrument
626,55,440466,<FH[,690773,y,n,,,,,,,
627,56,440467,YWH[,690777,y,n,690778,y,y,,,,
628,57,440468,DBR[,690781,y,n,690782,y,y,,,,
629,58,440469,>MR[,690784,y,n,,,,,,,
630,59,440470,DBR[,690785,y,n,690786,y,y,,,,
631,60,440471,>MR[,690788,y,n,690789,n,n,,,,
632,61,440472,BW>[,690791,y,y,690792,n,n,,,,
633,62,440473,NTN[,690794,y,n,690793,n,y,690796,y,y,
634,63,440474,CBT[,690799,?,y,690800,n,n,,,,
635,64,440475,ZR<[,690802,y,n,690803,n,y,,,,
636,65,440476,ZMR=[,690806,y,n,690807,n,y,,,,
637,66,440477,>SP[,690809,y,y,690810,n,y,,,,The Actor is also the recipient
638,67,440478,HJH[,690813,n,n,,,,,,,
639,68,440479,ZR<[,690818,y,n,690816,n,y,,,,
640,69,440480,ZMR=[,690822,y,n,690820,n,y,,,,
641,70,440481,QYR=[,690825,y,y,690823,n,y,,,,
642,71,440482,BYR[,690829,y,y,690827,n,y,,,,
643,72,440483,HJH[,,,,,,,,,,
644,73,440484,HJH[,690835,n,n,690836,y,y,,,,
645,74,440485,GWR[,690838,n,n,690840,n,n,,,,
646,75,440486,HJH[,690846,n,?,690842,n,y,,,,
647,76,440488,>KL[,690847,n,y,,,,,,,
648,77,440489,SPR[,690849,y,n,690850,y,y,690851,n,n,Undergoer1 is benefitting
649,78,440490,HJH[,690856,n,n,690855,y,y,,,,
650,79,440491,<BR[,690859,y,n,690860,n,y,,,,
651,80,440492,<BR[,690863,y,n,690864,n,y,690865,n,n,
652,81,440493,QDC[,690867,y,n,690868,n,y,,,,The sanctification changes the status of the year. Probably the Undergoer is affected.
653,82,440494,QR>[,690871,y,n,690872,n,n,690874,y,y,Undergoer1 is not affected because it is abstract. Undergoer2 is probably affected because it is set free. However they are not directly involved in the event.
654,83,440495,HJH[,690876,n,y,690878,y,y,,,,
655,84,440496,CWB[,690880,y,y,,,,,,,
656,85,440498,CWB[,690886,y,y,,,,,,,
657,86,440501,HJH[,690889,n,y,690891,y,y,,,,
658,87,440502,ZR<[,690893,y,n,,,,,,,
659,88,440503,QYR=[,690896,y,y,690897,n,y,,,,
660,89,440504,BYR[,690900,y,y,690901,n,y,,,,
661,90,440506,HJH[,690906,n,y,690907,y,y,,,,
662,91,440507,>KL[,690909,y,y,690910,n,y,,,,
663,92,440508,CWB[,690912,y,y,,,,,,,
664,93,440510,MKR[,690917,y,n,690918,n,y,690919,y,y,
665,94,440511,QNH[,690921,y,n,690922,n,y,,,,Actor is probably not affected since the focus is on the Undergoer not having
666,95,440512,JNH[,690924,y,n,,,,,,,
667,96,440514,QNH[,690928,y,n,690929,n,y,,,,
668,97,440515,MKR[,690931,y,n,690932,y,y,,,,
669,98,440516,RBH[,690934,y,n,690935,n,n,,,,The Undergoer is abstract and therefore not affected
670,99,440517,M<V[,690938,y,n,690939,n,y,,,,
671,100,440518,MKR[,690942,y,n,690941,n,n,690944,y,y,
672,101,440519,JNH[,690947,y,n,,,,,,,
673,102,440521,JR>[,690951,y,y,690952,n,n,,,,
674,103,440523,<FH[,690957,y,n,690958,n,n,,,,
675,104,440524,CMR[,690961,y,n,690960,n,n,,,,
676,105,440525,<FH[,690963,y,n,690964,n,n,,,,
677,106,440526,JCB[,690966,y,y,690967,n,n,,,,
678,107,440527,NTN[,690971,?,n,690972,n,y,,,,
679,108,440528,>KL[,690974,y,y,,,,,,,
680,109,440529,JCB[,690977,y,y,690979,n,n,,,,
681,110,440530,>MR[,690982,y,n,,,,,,,
682,111,440531,>KL[,690984,y,y,690983,n,n,,,,Undergoer not specific
683,112,440532,ZR<[,690988,y,n,,,,,,,
684,113,440533,>SP[,690991,y,y,690992,n,y,,,,
685,114,440534,YWH[,690994,y,n,690995,n,n,690996,y,y,Blessing is abstract so not affected.
686,115,440535,<FH[,690999,n,y,691000,n,n,,,,Undergoer is not affected but effected. Actor refers to blessing which is probably an Instrument - therefore affected
687,116,440536,ZR<[,691003,y,n,691004,n,n,,,,Undergoer is not affected because it is a time reference
688,117,440537,>KL[,691006,y,y,691008,n,y,,,,
689,118,440538,BW>[,691011,n,n,,,,,,,The Actor is not affected because it is only coming into exstistence = effected
690,119,440539,>KL[,691012,y,y,691013,n,y,,,,
691,120,440540,MKR[,,,,691015,n,y,,,,
692,121,440543,NTN[,691029,y,n,691028,n,n,691030,n,y,Undergoer1 is not affected because it is abstract
693,122,440544,MWK[,691033,n,y,,,,,,,
694,123,440545,MKR[,691035,y,n,691036,n,y,,,,
695,124,440546,BW>[,691039,y,y,,,,,,,
696,125,440548,G>L[,691044,y,n,691045,n,y,,,,
697,126,440550,HJH[,691052,?,?,,,,,,,Difficult
698,127,440551,NFG[,691055,y,y,,,,,,,Difficult but the construction probably means can afford. Perhaps then the hand is even volitional because it stands for the person.
699,128,440552,MY>[,691057,y,y,691058,n,n,,,,Undergoer is probably not affected. But what about the Actor?
700,129,440553,XCB[,691060,y,n,691061,n,n,,,,
701,130,440554,CWB[,691063,y,n,691064,n,y,691065,y,y,
702,131,440555,MKR[,691067,y,n,691068,y,y,,,,
703,132,440556,CWB[,691070,y,y,691071,n,n,,,,
704,133,440557,MY>[,691076,y,y,691077,n,n,,,,Undergoer is abstract - therefore not affected
705,134,440558,CWB[,691078,y,n,691079,y,y,,,,
706,135,440559,HJH[,691082,n,y,,,,,,,
707,136,440560,QNH[,691084,y,y,691086,n,y,,,,Actor is also recipient
708,137,440561,JY>[,691089,y,y,691090,n,n,,,,
709,138,440562,CWB[,691092,y,y,691093,n,n,,,,
710,139,440564,MKR[,691097,y,n,691098,n,y,,,,
711,140,440565,HJH[,691101,n,?,,,,,,,
712,141,440566,TMM[,691103,n,n,,,,,,,The Actor is abstract year so it is probably not affected
713,142,440567,HJH[,691106,n,n,,,,,,,
714,143,440568,G>L[,,,,691110,n,y,,,,
715,144,440569,ML>[,691113,n,n,691112,n,y,,,,
716,145,440570,QWM[,691116,n,y,,,,,,,
717,146,440573,QNH[,691123,y,y,691125,n,y,,,,Actor is also recipient
718,147,440574,JY>[,691128,n,y,,,,,,,
719,148,440575,XCB[,,,,691131,n,n,,,,
720,149,440577,HJH[,691138,n,n,691140,n,y,,,,Undergoer is not affected because it is a cognive event
721,150,440578,JY>[,691143,n,y,,,,,,,
722,151,440580,HJH[,691146,n,n,,,,,,,n
723,152,440581,G>L[,691151,y,y,691152,n,y,,,,Actor is affected because he comes into possession
724,153,440582,JY>[,691155,n,y,,,,,,,
725,154,440585,MKR[,,,,691162,n,y,,,,
726,155,440587,MWK[,691172,n,y,,,,,,,
727,156,440588,MWV[,691175,n,y,691176,n,n,,,,Undergoer may simply be the location and therefore no affection.
728,157,440589,XZQ[,691178,y,n,691179,n,y,,,,Actor is perhaps affected because he is grasping the Undergoer. The Undergoer is the hand so therefore not volitional.
729,158,440591,XJH[,691182,y,y,691183,n,n,,,,What about the Undergoer? It is comitant.
730,159,440592,LQX[,691185,y,n,691186,n,y,691187,n,n,
731,160,440593,JR>[,691189,y,y,691190,n,n,,,,
732,161,440594,XJH[,691193,y,y,691194,n,n,,,,
733,162,440595,NTN[,691197,y,n,691195,n,y,691198,n,y,Undergoer2 is not benefitting because it is a loan with interest
734,163,440596,NTN[,691203,y,n,691204,n,y,,,,
735,164,440598,JY>[,691207,y,n,691209,y,y,691210,n,n,
736,165,440599,NTN[,691211,y,n,691212,y,y,691213,n,y,
737,166,440600,HJH[,691214,y,y,691215,y,y,,,,
738,167,440601,MWK[,691220,n,y,691221,n,n,,,,The Undergoer seems to be merely location and therefore not affected.
739,168,440602,MKR[,691223,y,y,691224,y,y,,,,The Actor is selling himself - therefore he is both instigating and the affected object
740,169,440603,<BD[,691226,y,n,691227,n,y,691228,n,n,
741,170,440604,HJH[,691230,y,y,691231,n,?,,,,
742,171,440605,<BD[,691233,y,n,691234,y,y,,,,
743,172,440606,JY>[,691238,y,y,691237,n,y,,,,Undergoer is deprived of labor and therefore affected
744,173,440607,CWB[,691240,y,y,691241,n,n,,,,
745,174,440608,CWB[,691244,y,y,691243,n,n,,,,
746,175,440610,JY>[,691249,y,n,691250,y,y,691251,n,n,
747,176,440611,MKR[,,,,691253,n,y,,,,
748,177,440612,RDH[,691256,y,n,691257,n,y,,,,
749,178,440613,JR>[,691260,y,y,691261,n,n,,,,
750,179,440615,HJH[,691264,n,y,,,,,,,
751,180,440618,QNH[,691271,y,n,691272,n,y,,,,
752,181,440620,GWR[,691275,n,n,691277,n,n,,,,
753,182,440621,QNH[,691279,y,n,691278,n,y,,,,
754,183,440624,JLD[,691285,y,n,691284,n,n,,,,
755,184,440625,HJH[,691288,n,y,691289,y,y,,,,
756,185,440626,NXL[,691292,y,n,691293,n,y,691294,y,y,
757,186,440627,JRC[,691295,y,y,691296,n,y,,,,Actor is probably affected because they inheret. Undergoer refers to concrete human beings so they are affected
758,187,440628,<BD[,691299,y,n,691298,n,y,,,,
759,188,440630,RDH[,691304,y,n,691305,n,y,,,,
760,189,440631,NFG[,691310,y,y,,,,,,,The hand of the Actor probably refers to the Actor himself who can afford - therefore volitional and affected
761,190,440632,MWK[,691313,n,y,691314,n,n,,,,
762,191,440633,MKR[,691316,y,y,691317,y,y,,,,
763,192,440634,MKR[,,,,691319,y,y,,,,The Undergoer has sold himself - therefore both volitional and affected
764,193,440635,HJH[,691320,n,n,,,,,,,
765,194,440636,G>L[,691323,y,n,691324,y,y,,,,
766,195,440637,G>L[,691326,y,n,691327,y,y,,,,
767,196,440638,G>L[,691330,y,n,691330,y,y,,,,
768,197,440639,NFG[,691333,y,y,,,,,,,
769,198,440640,G>L[,691335,y,y,,,,,,,Reflexive use of Niphal
770,199,440641,XCB[,691337,y,n,691338,y,n,,,,Probably concomitant - therefore they have the same annotaiton
771,200,440642,MKR[,,,,,,,,,,
772,201,440643,HJH[,691344,n,n,,,,,,,
773,202,440644,HJH[,691347,y,y,691348,n,n,,,,
774,203,440646,CWB[,691353,y,n,691354,n,y,,,,
775,204,440647,C>R[,,,,691358,n,y,,,,
776,205,440648,XCB[,691362,y,n,691363,n,n,,,,
777,206,440649,CWB[,691365,y,n,691366,n,y,,,,
778,207,440650,HJH[,691368,y,y,691369,n,n,,,,
779,208,440651,RDH[,691371,y,n,691371,n,y,,,,
780,209,440652,G>L[,,,,691377,y,y,,,,
781,210,440653,JY>[,691382,y,y,,,,,,,
782,211,440656,JY>[,691390,y,n,691391,y,y,691392,n,n,
783,0,440658,<FH[,691396,y,n,691398,n,n,691397,y,y,Undergoer2 is probably not involved. Undergoer1 is not affected but effected.
784,1,440659,QWM[,691402,y,n,691400,n,n,691403,y,y,If this clause resembles the previous one then the Undergoer1 is effected and not affected.
785,2,440660,NTN[,691407,y,n,691405,n,y,691408,n,n,
786,3,440661,XWH[,691409,y,y,691410,n,n,,,,
787,4,440663,CMR[,691415,y,n,691414,n,n,,,,
788,5,440664,JR>[,691418,y,y,,,,691417,n,n,
789,6,440666,HLK[,691423,y,n,691422,n,n,,,,Actor is probably not affected because there is no indication of change of state.
790,7,440667,CMR[,691426,y,n,691425,n,n,,,,
791,8,440668,<FH[,691428,y,n,691429,n,n,,,,
792,9,440669,NTN[,691431,y,n,691432,n,y,,,,
793,10,440670,NTN[,691436,?,n,691437,n,y,,,,
794,11,440671,NTN[,691439,?,n,691441,n,y,,,,
795,12,440672,NFG[,691445,n,n,691446,n,n,691444,y,y,The Actor is abstract and cannot be affected
796,13,440673,NFG[,691448,n,n,691450,n,n,,,,
797,14,440674,>KL[,691452,y,y,691453,n,y,,,,
798,15,440675,JCB[,691456,y,y,691458,n,n,,,,
799,16,440676,NTN[,691460,y,n,691461,n,n,691462,n,n,
800,17,440677,CKB[,691464,y,y,,,,,,,
801,18,440679,CBT[,691469,y,n,691470,n,y,691471,n,n,
802,19,440680,<BR[,691473,n,y,691476,n,n,,,,The Actor is probably Instrument
803,20,440681,RDP[,691478,y,y,691479,n,y,,,,The Actor is probably affected because it changes location
804,21,440682,NPL[,691481,n,y,691482,n,n,,,,Undergoer1 is not involved in the event and their status is not affected.
805,22,440683,RDP[,691487,y,y,691488,n,y,,,,
806,23,440684,RDP[,691490,y,y,691491,n,y,,,,
807,24,440685,NPL[,691495,n,y,691496,n,n,,,,
808,25,440686,PNH[,691499,y,y,691500,n,n,,,,
809,26,440687,PRH[,691502,y,n,691503,y,y,,,,
810,27,440688,RBH[,691505,y,n,691506,y,y,,,,
811,28,440689,QWM[,691508,y,n,691509,n,n,691510,y,y,Is Undergoer2 volitional? They are not directly part of the event but they are certainly benefitting.
812,29,440690,>KL[,691512,y,y,691513,n,y,,,,
813,30,440691,JY>[,691517,y,n,691515,n,y,691516,n,n,
814,31,440692,NTN[,691519,y,n,691520,n,y,691521,n,n,Undergoer1 is probably affected because it is placed or moved
815,32,440693,G<L[,691525,y,y,691526,n,n,,,,
816,33,440694,HLK[,691528,y,n,691529,n,n,,,,
817,34,440695,HJH[,691531,y,y,691532,y,y,,,,
818,35,440696,HJH[,691535,y,y,691537,y,y,,,,
819,36,440698,JY>[,691541,y,n,691543,y,y,691544,n,n,
820,37,440699,HJH[,691547,n,y,691546,y,?,,,,
821,38,440700,CBR[,691549,y,n,691550,n,y,,,,
822,39,440701,HLK[,691552,y,n,691553,y,y,,,,The Undergoer1 is positively affected by the Actors attitude and action
823,40,440702,CM<[,691558,y,y,691559,n,n,,,,
824,41,440703,<FH[,691562,y,n,691563,n,n,,,,
825,42,440704,M>S[,691567,y,y,691566,n,n,,,,
826,43,440705,G<L[,691572,y,y,691570,n,n,,,,
827,44,440706,<FH[,691573,y,n,691574,n,n,,,,
828,45,440707,PRR[,691575,y,n,691576,n,n,,,,Undergoer is abstract so probably not affected
829,46,440708,<FH[,691577,y,n,691579,n,n,691580,n,y,Undergoer2 is affected by the negative outcome of the event. Therefore affected but not Volitional
830,47,440709,PQD[,691582,y,n,691583,n,y,691584,n,n,
831,48,440710,KLH[,691585,n,y,691586,n,y,,,,Actor is Instrument and therefore affected
832,49,440711,DWB[,691588,n,n,691589,n,y,,,,
833,50,440712,ZR<[,691591,y,n,691593,n,y,,,,
834,51,440713,>KL[,691596,y,y,691595,n,y,,,,
835,52,440714,NTN[,691598,y,n,691599,n,y,691600,n,y,
836,53,440715,NGP[,,,,691602,n,y,691603,n,n,
837,54,440716,RDH[,691607,y,n,691606,n,y,,,,
838,55,440717,NWS[,691609,n,y,,,,,,,Probably not volitional because it is negative.
839,56,440719,RDP[,691612,n,n,691613,n,y,,,,
840,57,440720,CM<[,691618,y,y,691619,n,n,,,,
841,58,440721,JSP[,691621,y,n,,,,,,,
842,59,440722,JSR[,691622,y,n,691623,n,y,,,,
843,60,440723,CBR[,691627,y,n,691628,n,y,,,,
844,61,440724,NTN[,691630,y,n,691631,n,y,,,,The Undergoer is transformed - hence affected
845,62,440726,TMM[,691639,n,y,,,,,,,If strength refers to the person who becomes weak then the Actor is clearly affected
846,63,440727,NTN[,691643,?,n,691644,n,y,,,,
847,64,440728,NTN[,691646,?,n,691649,n,y,,,,
848,65,440729,HLK[,691652,y,n,691653,n,y,,,,The Undergoer is negatively affected
849,66,440730,>BH[,691657,y,y,,,,,,,Probably affected because it expresses some inward desire.
850,67,440731,CM<[,691658,y,y,691659,n,n,,,,
851,68,440732,JSP[,691661,y,n,691663,n,n,691662,n,n,Undergoer1 is abstract so therefore not affected. Undergoer2 is probably not affected because the blows are punctual.
852,69,440733,CLX[,691667,y,n,691669,n,y,691668,n,y,Undergoer1 is probably a kind of Instrument
853,70,440734,CKL[,691671,n,n,691672,n,y,,,,
854,71,440735,KRT[,691674,n,n,691675,n,y,,,,
855,72,440736,M<V[,691677,n,n,691678,n,y,,,,
856,73,440737,CMM[,,,,691681,n,y,,,,
857,74,440738,JSR[,691687,y,n,691686,n,y,,,,The Complement phrase expresses the Actor.
858,75,440739,HLK[,691689,y,n,691690,n,y,,,,
859,76,440740,HLK[,691693,y,n,691695,n,y,,,,
860,77,440741,NKH[,691700,y,n,691699,n,n,,,,
861,78,440742,BW>[,691704,y,n,691706,n,y,691705,n,y,
862,79,440743,NQM[,691707,n,y,691708,n,n,,,,
863,0,440744,>SP[,691710,y,y,,,,,,,Probably Actor despite the Niphal because it is reflexive use.
864,1,440745,CLX[,691713,y,n,691714,n,y,691715,n,y,
865,2,440746,NTN[,,,,691717,n,y,691718,y,y,
866,3,440747,CBR[,691719,y,n,691721,n,y,691720,n,y,
867,4,440748,>PH[,691724,y,n,691725,n,n,,,,
868,5,440749,CWB[,691728,y,n,691729,n,y,,,,
869,6,440750,>KL[,691732,y,y,,,,,,,
870,7,440751,FB<[,691735,y,y,,,,,,,
871,8,440752,CM<[,691740,y,y,691741,n,n,,,,
872,9,440753,HLK[,691743,y,n,691744,n,y,,,,
873,10,440754,HLK[,691747,y,n,691748,n,y,,,,
874,11,440755,JSR[,691753,y,n,691752,n,y,,,,
875,12,440756,>KL[,691757,y,y,691758,n,y,,,,
876,13,440757,>KL[,691761,y,y,691760,n,y,,,,
877,14,440758,CMD[,691763,y,n,691764,n,y,,,,
878,15,440759,KRT[,691766,y,n,691767,n,y,,,,
879,16,440760,NTN[,691769,y,n,691770,n,y,691771,n,n,
880,17,440761,G<L[,691774,y,y,691775,n,n,,,,
881,18,440762,NTN[,691777,y,n,691778,n,y,691779,n,n,Undergoer2 is probably effected
882,19,440763,CMM[,691781,y,n,691782,n,y,,,,
883,20,440764,RWX[,691785,y,y,691786,n,n,,,,
884,21,440765,CMM[,691789,y,n,691790,n,y,,,,
885,22,440766,CMM[,691794,y,y,691793,n,n,,,,Undergoer is probably topic - therefore not affected
886,23,440767,JCB[,691795,y,?,691797,n,n,,,,
887,24,440768,ZRH[,691800,y,n,691799,n,y,691801,n,n,
888,25,440769,RJQ[,691803,y,n,691805,n,y,691804,n,y,The sword is probably Instrument.
889,26,440770,HJH[,691808,n,y,,,,,,,
890,27,440771,HJH[,691811,n,y,,,,,,,
891,28,440772,RYH=[,691816,?,y,691817,n,n,,,,Here the verb is taken as enjoy
892,29,440773,CMM[,,,,691819,n,y,,,,
893,30,440775,CBT[,691825,?,y,,,,,,,
894,31,440776,RYH=[,691827,?,y,691828,n,n,,,,
895,32,440777,CBT[,691831,?,y,,,,,,,
896,33,440778,CMM[,,,,691830,n,y,,,,
897,34,440779,CBT[,691834,?,y,691832,n,n,,,,
898,35,440780,JCB[,691836,y,y,691837,n,n,,,,
899,36,440781,C>R[,,,,,,,,,,
900,37,440782,BW>[,691843,y,n,691844,n,n,691845,n,y,Can also be rendered cause them to be afraid. Therefore Undergoer2 is affected
901,38,440783,RDP[,691850,n,n,691849,n,y,,,,
902,39,440784,NWS[,691852,n,y,,,,,,,
903,40,440785,NPL[,691855,n,y,,,,,,,
904,41,440787,KCL[,691860,n,y,,,,,,,n
905,42,440790,HJH[,691871,n,n,,,,,,,
906,43,440791,>BD[,691874,n,y,691875,n,n,,,,
907,44,440792,>KL[,691879,?,n,691878,n,y,,,,
908,45,440793,MQQ[,,,,691884,n,y,,,,
909,46,440794,C>R[,,,,,,,,,,
910,47,440795,MQQ[,,,,691889,n,y,,,,
911,48,440796,JDH[,691891,y,n,691892,n,n,,,,
912,49,440797,M<L[,691895,y,n,691894,n,n,691896,n,y,Undergoer2 is probably affected because it is acts done against this participants.
913,50,440798,HLK[,691900,y,n,691901,n,y,,,,
914,51,440799,HLK[,691903,y,n,691905,n,y,,,,
915,52,440800,BW>[,691908,y,n,691909,n,y,,,,
916,53,440801,KN<[,,,,691914,?,y,,,,Hearts is probably volitional because it reflects the mental capacties of a person.
917,54,440802,RYH=[,691917,y,y,691918,n,n,,,,The Actor is probably affected if the verb is taken to involve penitence
918,55,440803,ZKR[,691920,y,y,691921,n,n,,,,
919,56,440805,ZKR[,691926,y,y,691925,n,n,,,,
920,57,440806,ZKR[,691929,y,y,691928,n,n,,,,
921,58,440807,<ZB[,691933,n,y,691931,n,y,,,,In the larger context the Actor is not Volitional.
922,59,440808,RYH=[,691935,?,y,691936,n,n,,,,
923,60,440809,CMM[,691938,?,n,691937,n,y,,,,
924,61,440810,RYH=[,691940,y,y,691942,n,n,,,,
925,62,440812,M>S[,691947,y,y,691946,n,n,,,,
926,63,440813,G<L[,691951,y,y,691949,n,n,,,,
927,64,440815,HJH[,691955,y,y,691956,n,n,,,,Actor is probably not volitional
928,65,440816,M>S[,691958,y,y,691958,n,n,,,,
929,66,440817,G<L[,691961,y,y,691961,n,n,,,,
930,67,440818,KLH[,691962,y,n,691962,n,y,,,,
931,68,440819,PRR[,691963,y,n,691964,n,n,691965,n,y,
932,69,440821,ZKR[,691970,y,y,691971,y,y,691972,n,n,
933,70,440822,JY>[,691974,y,n,691975,y,y,691976,n,n,
934,71,440823,HJH[,691978,y,y,691979,y,y,,,,y
935,72,440826,NTN[,691987,y,n,691985,n,n,691988,n,n,
